,BLA,BLP,MABH,BN,FAR,BD,HBN,AHBH,ABH,DHBH,ABF,CL,RBS,HBFR,BL,LU,SBLU,SLR
0,6,6,7,5,7,3,4,5,9,2,4,2,2,1,7,1,1,12
1,7,6,8,6,7,5,5,4,8,4,5,7,4,3,8,1,13,12
2,6,6,7,6,7,6,5,4,9,3,6,5,4,2,6,1,1,12
3,5,5,5,5,6,5,4,2,7,2,5,4,5,3,7,1,13,14
4,7,8,6,7,3,3,4,3,6,2,3,3,3,2,8,5,50,21
5,5,5,5,7,6,5,5,2,7,1,2,5,4,3,6,5,13,14
6,8,7,4,6,2,2,2,1,4,1,4,3,2,3,5,0,13,12
7,6,6,5,5,6,5,4,2,7,2,5,3,3,2,4,1,13,11
8,8,9,7,8,7,5,5,3,8,3,4,4,3,2,6,5,13,22
9,6,6,7,5,8,6,4,4,9,3,7,5,8,3,3,1,50,4
10,9,9,8,8,5,3,5,3,6,3,4,3,1,1,8,5,13,28
11,8,7,8,4,6,2,3,5,9,4,7,3,7,3,3,1,1,4
12,9,9,4,8,4,3,3,1,5,1,8,3,2,1,6,0,5,5
13,5,5,8,3,8,4,3,5,9,4,7,4,7,3,5,1,13,4
14,6,6,7,4,6,2,3,3,8,3,6,2,3,2,4,1,4,2
15,7,7,7,5,5,3,2,3,6,4,6,4,2,3,6,1,50,4
16,6,5,5,3,2,1,1,3,5,0,2,2,4,3,8,5,62,22
17,6,5,6,6,7,4,4,3,8,2,4,5,3,2,7,5,50,6
18,7,7,8,7,8,6,5,5,9,3,5,3,3,2,2,1,13,4
19,6,5,5,1,1,1,1,3,8,0,1,0,0,0,1,1,4,4
20,8,8,7,8,6,3,5,3,8,3,2,3,2,1,4,5,13,22
21,7,7,8,7,6,3,5,3,8,4,3,3,3,3,3,5,13,6
22,7,7,5,7,4,3,4,3,7,2,4,2,2,3,1,0,13,11
23,7,6,3,1,2,1,1,1,7,0,8,2,5,3,3,1,43,4
24,6,5,5,4,7,8,3,2,7,1,8,8,8,3,0,1,4,11
25,8,8,7,7,5,3,5,4,7,3,4,3,3,2,7,5,62,23
26,7,7,7,7,7,5,5,4,9,2,4,6,4,2,3,1,13,4
27,3,3,6,2,2,1,2,4,9,2,2,1,6,3,5,1,50,20
28,7,7,7,6,7,5,4,3,8,3,7,6,4,3,1,0,13,11
29,6,5,8,4,8,5,3,5,9,4,8,4,4,3,0,1,4,11
30,9,9,0,0,0,0,0,0,8,0,0,0,0,0,1,3,1,4
31,7,6,8,6,8,7,4,5,9,4,7,3,2,2,1,1,43,11
32,9,9,8,8,7,4,5,4,9,3,5,4,3,2,4,5,50,5
33,8,8,7,7,7,4,5,4,9,3,5,3,2,1,6,5,62,27
34,8,7,8,7,8,6,5,4,9,4,6,6,3,2,0,1,50,9
35,9,9,8,7,7,5,5,4,8,3,7,4,2,1,1,1,35,27
36,7,7,5,3,3,2,2,2,7,1,6,2,4,3,0,5,35,9
37,8,7,8,6,6,4,3,4,6,4,7,3,2,2,0,1,50,18
38,0,0,0,0,0,0,0,0,0,0,0,0,0,0,0,1,35,25
39,9,9,7,8,6,3,5,3,7,3,5,4,2,1,3,1,35,27
40,9,9,8,7,6,4,5,4,8,4,7,2,1,1,1,1,50,25
41,8,9,7,8,5,4,5,3,7,3,2,4,2,2,3,1,62,28
42,9,9,4,8,5,5,4,1,5,1,3,7,5,3,1,5,50,19
43,9,9,6,8,4,4,4,3,6,3,4,6,3,3,5,5,62,19
44,8,8,7,8,6,4,5,3,7,3,3,6,3,2,3,5,50,12
45,9,9,5,8,3,4,4,2,5,2,3,5,2,2,2,5,50,12
46,7,8,5,7,3,2,2,2,6,2,2,4,4,3,7,1,63,28
47,9,9,5,8,5,6,5,1,5,2,2,7,1,1,5,5,50,28
48,5,6,6,5,5,3,3,2,6,2,3,4,5,3,5,1,51,28
49,8,7,6,6,2,1,3,2,6,2,2,2,1,1,4,1,13,28
50,9,9,6,8,5,4,5,2,6,2,3,7,2,3,6,5,50,28
51,8,8,5,6,4,3,1,3,4,0,6,2,3,3,4,1,13,30
52,8,8,5,4,4,3,4,1,7,1,8,2,2,1,4,1,13,28
53,9,9,7,8,6,3,5,3,8,3,5,3,3,2,7,1,50,28
54,5,4,5,6,5,4,3,2,6,1,2,5,4,3,7,1,13,26
55,6,5,8,7,7,7,5,3,7,4,5,6,3,2,7,5,50,24
56,8,8,8,4,5,2,3,4,8,4,8,4,3,3,8,1,50,24
57,6,6,6,5,7,5,4,3,8,2,7,2,8,3,8,1,13,10
58,7,7,4,7,3,3,2,1,5,1,3,4,2,1,8,5,50,8
59,8,8,7,8,6,4,5,3,8,3,4,4,1,1,9,1,50,24
60,5,4,6,5,6,4,3,3,7,2,4,2,3,1,9,1,12,14
61,9,9,8,8,5,4,5,3,6,3,3,4,1,1,9,4,1,21
62,6,5,1,1,1,1,0,0,2,0,1,1,5,0,9,1,12,7
63,8,8,7,8,6,4,5,3,7,3,3,5,2,1,9,1,13,10
64,9,9,4,8,2,2,2,1,3,1,7,2,1,0,8,0,51,21
65,9,9,5,8,4,4,5,2,5,2,3,5,2,3,9,5,13,21
66,8,7,7,7,6,3,5,4,8,3,4,5,3,2,8,0,29,12
67,9,9,8,8,3,2,5,5,8,4,2,3,3,1,8,0,31,10
68,9,9,7,7,2,1,4,4,8,3,4,3,4,3,9,0,65,5
69,8,8,8,8,6,3,5,5,9,4,2,2,2,1,7,0,29,12
70,6,6,8,6,6,2,5,5,9,4,2,2,3,2,4,5,15,10
71,9,9,8,8,5,2,5,4,8,3,2,1,1,1,8,5,29,5
72,6,6,8,6,8,5,5,5,9,4,4,5,4,3,4,5,52,12
73,7,7,8,7,6,3,5,5,9,4,2,2,1,1,3,0,29,12
74,9,9,8,8,5,2,5,4,8,4,4,3,2,1,5,5,29,12
75,6,6,3,7,4,6,0,0,3,0,3,6,4,0,2,0,0,11
76,8,7,6,7,6,3,5,3,8,3,3,2,2,1,8,1,1,4
77,9,9,4,3,2,2,2,2,7,0,8,5,7,3,9,6,0,21
78,9,9,6,8,3,2,5,2,6,3,2,3,2,2,5,6,13,10
79,7,6,8,6,8,5,5,5,9,4,5,5,3,2,2,1,13,12
80,7,7,8,5,7,2,3,5,8,4,5,3,4,2,1,0,1,11
81,8,8,8,6,8,5,5,5,9,4,7,5,3,2,4,1,52,12
82,9,9,7,8,5,5,5,3,6,3,3,7,1,2,5,5,13,5
83,5,5,7,3,7,7,1,5,7,0,8,6,6,3,9,1,50,4
84,9,9,8,8,7,5,5,4,8,4,5,6,1,1,9,1,1,4
85,6,6,4,6,2,2,1,1,4,0,2,2,3,3,8,0,35,6
86,5,5,8,3,6,2,3,5,9,3,5,2,6,3,4,1,17,10
87,8,8,8,7,7,6,5,5,9,4,7,4,4,3,6,1,13,7
88,8,8,8,8,6,5,5,3,6,4,3,4,2,3,2,1,35,5
89,8,7,8,5,6,2,4,4,9,4,6,3,1,1,0,1,4,4
90,2,5,8,2,8,8,2,5,9,4,8,5,6,3,4,0,17,12
91,7,7,5,5,2,1,1,2,5,0,2,2,4,0,0,1,4,20
92,8,9,5,7,2,2,5,3,6,2,2,2,4,3,7,0,10,30
93,9,8,8,8,4,2,5,4,7,4,2,2,3,2,2,1,35,21
94,1,1,0,0,0,0,0,0,0,0,0,0,0,0,6,1,50,7
95,6,6,7,5,6,3,4,4,8,4,5,2,3,2,4,0,23,28
96,4,4,0,0,0,0,0,0,2,0,0,0,0,0,5,3,0,30
97,4,4,0,0,0,0,0,0,8,0,0,0,0,0,0,3,42,4
98,1,1,2,2,2,2,0,0,2,0,1,2,6,0,3,5,0,28
99,7,7,3,6,2,2,0,0,5,0,2,2,4,0,9,5,50,4
100,8,8,3,8,3,3,0,0,4,0,4,4,2,0,8,5,50,7
101,8,8,7,8,5,4,5,2,6,3,4,3,2,2,4,1,13,7
102,8,8,8,7,8,5,5,5,9,4,5,6,3,2,0,1,1,3
103,8,8,8,7,8,7,5,5,9,4,7,5,2,1,1,1,1,21
104,6,6,8,7,8,6,5,5,9,4,3,6,8,3,0,1,35,3
105,9,8,5,8,4,5,3,1,4,1,3,6,2,1,9,5,62,12
106,7,7,3,8,4,5,1,1,4,0,2,7,2,3,3,5,13,14
107,9,8,0,0,0,0,0,0,6,0,0,0,0,0,0,3,57,2
108,2,1,8,3,8,7,3,5,9,4,5,7,6,3,0,1,35,10
109,8,8,6,8,6,6,5,2,6,3,4,6,3,1,1,0,50,3
110,8,8,3,8,3,5,0,0,3,0,3,7,2,0,6,5,50,14
111,2,2,5,1,4,2,1,2,8,0,6,2,5,3,9,1,1,3
112,3,3,8,3,7,3,3,5,9,3,3,3,6,3,9,1,1,10
113,5,5,8,5,8,7,4,5,9,4,6,7,5,3,0,1,35,10
114,5,5,8,6,8,5,5,5,9,4,4,5,4,3,1,1,13,3
115,7,7,8,7,8,4,5,5,9,4,4,5,4,2,1,1,1,12
116,7,7,8,8,5,5,4,4,6,4,2,6,3,3,3,1,29,7
117,3,3,7,3,8,7,2,5,9,1,6,8,6,3,9,1,13,10
118,8,7,4,8,4,5,2,1,4,1,2,6,2,0,5,5,50,14
119,8,8,4,8,4,5,1,2,4,0,3,7,2,3,8,5,62,12
120,5,5,8,4,8,8,3,5,9,4,8,6,7,3,0,1,35,12
121,5,5,7,5,4,2,2,5,8,1,2,2,5,2,1,0,13,8
122,5,4,7,4,7,7,3,5,8,1,7,4,8,3,9,5,1,10
123,7,7,8,5,7,4,4,5,9,3,7,4,2,2,3,1,1,12
124,3,3,3,4,3,5,0,0,3,0,4,3,7,0,9,0,13,10
125,8,8,8,7,8,4,4,5,9,4,6,3,5,2,1,1,1,12
126,3,5,2,6,5,8,0,0,2,0,4,8,8,0,9,1,13,3
127,8,8,8,8,7,3,5,5,8,4,3,3,3,1,2,1,35,12
128,4,3,2,4,6,8,0,0,3,0,7,8,8,0,9,1,13,3
129,9,9,4,8,4,6,2,1,3,1,3,7,3,3,6,5,50,5
130,8,7,6,8,5,4,5,2,7,2,3,5,3,2,3,0,13,10
131,4,4,2,6,5,8,0,0,3,0,4,8,8,0,9,1,1,3
132,4,5,5,4,7,6,1,3,3,0,4,6,8,3,5,0,13,10
133,8,9,6,8,5,6,5,2,5,2,2,7,2,1,4,5,13,3
134,3,5,2,1,4,6,0,0,3,0,8,6,5,0,9,0,1,3
135,6,5,6,7,5,4,3,3,5,3,2,5,5,2,7,5,15,3
136,5,5,4,7,7,8,3,1,5,1,3,8,5,3,9,1,12,12
137,2,2,3,4,6,8,0,0,5,0,4,8,8,0,8,0,52,10
138,1,1,1,1,1,1,0,0,2,0,1,1,5,0,8,6,13,10
139,9,9,8,8,2,2,5,3,7,4,4,5,4,3,9,0,14,3
140,9,9,8,8,3,2,5,4,7,4,5,2,1,2,5,0,5,12
141,9,9,3,2,1,1,0,0,5,0,8,2,6,0,9,0,56,5
142,8,8,8,7,7,6,4,4,6,4,7,4,4,2,9,4,1,12
143,8,8,7,7,7,5,5,4,9,3,4,6,4,2,9,5,35,12
144,9,9,8,8,4,2,5,4,7,4,4,3,1,1,9,1,29,12
145,9,9,8,8,3,2,5,4,7,4,5,2,1,1,5,1,15,12
146,6,7,3,7,2,4,0,0,3,0,3,3,3,0,5,0,64,12
147,7,7,3,8,3,7,0,0,2,0,3,5,2,0,4,4,15,12
148,9,9,5,8,4,3,5,1,6,1,2,2,1,1,5,5,34,5
149,7,7,3,3,4,3,0,0,4,0,8,2,4,0,2,0,15,5
150,8,8,5,8,2,3,1,2,2,0,2,4,2,3,1,6,14,14
151,5,5,4,2,6,6,1,2,7,0,8,4,6,3,1,0,15,12
152,9,9,6,8,6,5,5,2,7,2,6,7,2,1,3,1,34,10
153,9,8,5,6,2,1,2,2,3,2,3,3,2,2,3,1,0,5
154,8,8,6,6,6,4,5,2,7,2,7,4,3,2,4,4,1,3
155,9,9,4,7,7,7,2,2,3,1,8,1,2,0,0,0,18,8
156,8,8,5,4,1,1,2,3,7,1,2,1,1,0,0,1,34,12
157,9,8,5,8,3,3,4,2,5,1,2,3,2,2,4,0,14,7
158,8,8,3,4,7,8,0,0,3,0,8,8,4,0,0,0,12,1
159,8,8,4,6,2,3,1,1,3,0,7,2,2,3,1,0,14,12
160,6,6,3,1,1,1,0,0,6,0,1,0,0,0,0,0,12,3
161,8,8,6,6,7,4,3,3,7,3,8,1,1,1,0,0,12,12
162,9,8,4,7,2,2,1,2,4,0,3,3,2,3,6,5,28,5
163,7,7,4,7,3,4,2,1,4,1,4,5,4,3,4,4,30,5
164,9,9,5,7,2,2,3,2,6,2,4,2,1,0,3,4,28,5
165,8,8,6,7,2,2,2,3,4,2,3,2,2,2,2,4,12,3
166,9,9,3,7,5,6,1,1,3,0,7,5,2,0,9,0,28,28
167,8,8,4,7,6,7,2,1,4,1,7,3,3,1,9,4,0,12
168,9,9,4,8,3,3,3,1,3,1,6,3,1,1,9,0,28,28
169,9,9,6,7,2,2,3,2,5,2,8,1,1,1,3,0,28,21
170,7,6,6,7,5,3,4,3,6,3,2,5,3,2,8,1,35,27
171,6,6,6,6,6,4,4,3,7,2,5,6,5,3,7,1,35,27
172,7,6,2,4,2,2,0,0,2,0,5,3,4,0,6,0,50,27
173,8,7,6,7,6,5,5,2,7,2,5,7,3,3,5,5,13,27
174,5,5,7,4,7,6,2,5,7,2,7,6,7,3,5,1,62,27
175,9,8,8,8,6,4,5,3,6,4,4,5,1,1,6,1,35,27
176,6,5,6,5,6,4,3,3,7,1,5,4,4,2,3,1,13,27
177,7,7,6,6,6,5,3,3,6,2,5,5,3,2,2,5,13,27
178,8,9,6,8,5,3,5,2,5,3,3,4,3,1,5,1,50,30
179,7,8,5,7,5,7,2,2,3,1,5,5,3,1,4,1,13,28
180,4,6,4,6,6,8,1,1,5,0,4,7,8,3,6,5,35,30
181,7,7,6,7,6,4,4,2,7,2,5,3,2,1,3,1,35,30
182,5,5,2,4,4,7,0,0,3,0,6,7,8,0,6,5,1,12
183,8,8,3,8,3,5,0,0,3,0,4,7,3,0,3,0,5,8
184,2,2,2,3,4,7,0,0,2,0,4,6,7,0,1,5,4,8
185,8,7,4,7,5,4,2,1,5,1,5,6,5,3,9,0,1,23
186,9,9,7,8,5,4,5,2,5,3,4,3,1,1,7,1,13,30
187,8,7,5,7,6,7,4,2,5,2,6,8,4,3,9,0,1,30
188,1,1,0,0,0,0,0,0,2,0,0,0,0,0,1,3,5,8
189,6,6,5,7,6,5,4,3,7,2,3,3,3,3,9,1,0,23
190,1,0,0,0,0,0,0,0,3,0,0,0,0,0,1,3,23,8
191,9,8,5,7,3,2,2,2,5,2,5,2,2,1,0,0,35,27
192,8,8,6,8,6,6,4,3,5,2,4,7,3,1,4,0,5,12
193,7,7,5,7,5,3,3,2,6,1,4,2,2,1,7,1,50,27
194,2,2,3,6,6,7,0,0,4,0,2,7,5,0,2,5,5,10
195,3,4,6,5,7,8,2,3,6,2,4,8,8,3,0,5,43,10
196,8,9,7,8,5,4,4,3,5,3,4,4,3,1,0,1,5,28
197,8,8,5,6,2,2,1,2,4,0,2,2,3,3,0,1,1,28
198,7,6,6,7,6,5,5,3,7,2,5,7,4,2,6,1,50,11
199,7,7,7,7,7,6,4,3,7,3,5,3,3,1,2,1,13,10
200,6,6,6,6,5,3,5,3,8,2,3,4,5,3,8,5,50,13
201,7,7,4,5,2,2,2,2,6,1,2,2,3,1,0,1,13,27
202,9,9,6,8,4,3,5,2,6,2,3,2,2,2,9,5,50,22
203,9,9,7,8,3,2,5,3,4,3,5,3,2,1,2,1,1,27
204,4,4,7,5,7,5,3,4,8,3,3,5,3,1,1,0,50,10
205,7,6,4,7,6,6,4,1,5,1,4,6,4,3,6,1,13,11
206,9,9,7,8,7,6,5,3,7,3,6,6,3,2,6,5,13,12
207,6,6,6,7,6,7,4,2,7,2,4,6,5,3,8,1,13,11
208,2,3,5,4,7,8,1,2,6,0,6,8,7,3,3,5,13,10
209,7,6,5,6,4,3,2,2,5,1,5,4,3,1,2,1,13,27
210,8,8,5,8,5,3,5,2,6,2,2,4,2,1,9,1,13,4
211,6,6,5,7,6,5,4,2,6,1,3,7,3,2,8,5,50,12
212,6,6,6,4,7,3,3,4,8,2,6,5,3,3,8,5,13,10
213,8,7,5,6,5,3,4,2,7,2,6,1,3,2,7,0,1,28
214,8,8,5,7,3,2,3,1,5,2,4,3,2,2,4,5,50,28
215,9,9,8,8,6,3,5,3,7,3,4,4,2,1,5,5,13,10
216,9,9,4,8,3,5,2,1,3,1,4,7,2,3,9,0,1,21
217,9,9,8,8,4,3,5,3,5,4,4,4,1,1,4,0,1,28
218,7,7,4,4,3,3,1,1,3,0,7,2,3,0,7,1,29,28
219,8,8,7,5,7,6,4,3,8,3,8,3,3,2,8,0,50,28
220,8,8,5,8,5,5,3,2,4,2,3,5,2,2,9,1,29,28
221,8,8,4,8,4,4,2,2,4,1,4,6,2,3,9,0,29,5
222,3,3,3,3,3,2,0,0,6,0,3,2,6,0,8,1,62,12
223,9,9,4,7,2,2,1,1,3,0,3,2,2,3,9,0,29,21
224,8,8,6,8,4,4,4,3,5,2,4,4,2,0,8,5,13,3
225,7,8,4,7,4,5,1,2,4,0,4,5,2,0,8,5,13,5
226,1,0,3,3,8,8,1,1,6,0,3,7,7,3,7,5,62,8
227,9,9,6,8,5,5,5,3,7,2,6,6,2,2,9,5,29,5
228,4,4,5,6,6,5,4,1,7,1,2,5,8,3,7,5,29,1
229,2,3,5,4,7,7,1,3,5,0,3,7,7,3,7,0,29,8
230,5,5,7,4,8,8,3,3,7,3,8,8,8,3,8,1,4,4
231,6,6,4,7,5,7,3,1,4,1,3,7,4,3,7,0,23,14
232,5,4,3,4,5,6,0,0,5,0,6,5,5,0,8,0,29,14
233,7,7,3,6,3,4,0,0,4,0,6,4,4,0,7,0,13,5
234,2,1,0,0,0,0,0,0,3,0,0,0,0,0,6,3,23,8
235,7,6,7,6,5,3,3,2,6,3,6,4,3,3,8,0,43,11
236,9,9,4,8,4,5,3,1,5,1,4,6,3,3,7,5,5,7
237,4,4,0,0,0,0,0,0,5,0,0,0,0,0,5,3,23,14
238,5,7,6,5,5,5,3,3,7,3,6,5,4,2,6,1,35,7
239,7,7,5,5,4,3,2,2,6,2,6,4,4,2,7,1,13,7
240,1,1,4,2,7,7,1,1,7,0,5,6,6,3,7,1,50,6
241,7,7,5,7,4,4,3,1,5,1,3,6,4,3,7,5,29,14
242,8,9,5,8,4,4,4,1,5,1,3,6,3,3,5,5,5,5
243,6,6,7,4,6,2,4,5,9,4,5,2,2,1,5,1,42,7
244,8,8,5,7,5,5,4,2,5,2,6,6,2,2,4,1,29,1
245,9,8,4,7,2,3,2,1,4,1,4,6,3,3,6,5,13,8
246,8,8,4,5,7,7,3,1,6,1,8,3,4,3,4,1,43,5
247,9,8,7,7,6,5,4,2,7,3,7,4,2,2,8,5,5,5
248,8,8,4,5,6,5,3,1,5,1,7,6,2,3,7,5,13,5
249,8,8,6,7,6,4,4,2,6,3,6,2,2,2,2,5,5,5
250,7,6,5,7,2,2,4,2,6,2,2,3,3,2,2,0,62,7
251,9,8,0,0,0,0,0,0,2,0,0,0,0,0,5,3,42,4
252,9,9,5,8,4,3,5,1,6,2,5,4,3,2,4,5,50,5
253,5,5,5,5,5,3,2,2,6,2,4,4,8,3,2,5,62,3
254,9,9,0,0,0,0,0,0,3,0,0,0,0,0,3,3,43,11
255,7,8,6,5,7,7,4,2,7,2,8,6,5,3,2,5,29,3
256,9,9,6,8,3,2,4,3,5,2,3,2,2,1,7,5,58,5
257,8,8,7,5,4,3,3,3,7,3,7,4,8,3,1,5,29,8
258,9,8,6,8,4,2,5,2,7,2,3,2,1,1,1,5,5,5
259,7,7,5,5,4,2,2,2,6,2,6,1,3,2,4,1,43,5
260,7,7,0,0,0,0,0,0,5,0,0,0,0,0,6,3,43,7
261,5,4,4,4,5,5,1,1,5,0,6,6,8,3,0,0,62,8
262,8,8,6,6,7,6,5,3,8,2,7,5,5,3,0,5,29,5
263,9,9,0,0,0,0,0,0,2,0,0,0,0,0,9,3,5,20
264,7,7,0,0,0,0,0,0,5,0,0,0,0,0,7,3,58,14
265,7,7,3,6,5,5,1,1,5,0,7,5,3,3,8,5,43,7
266,6,6,3,6,4,6,0,0,3,0,4,6,4,0,3,5,13,8
267,2,2,2,3,4,7,0,0,3,0,5,7,6,0,2,1,29,8
268,5,5,6,5,6,4,4,3,7,3,3,4,5,3,0,5,29,3
269,3,3,4,4,6,6,1,1,5,0,3,6,8,3,2,5,50,8
270,6,8,6,6,5,3,4,3,8,2,4,3,5,3,0,5,29,10
271,5,6,3,5,5,6,0,0,3,0,5,6,8,0,4,0,13,14
272,7,7,0,0,0,0,0,0,8,0,0,0,0,0,1,3,43,4
273,9,9,5,6,3,2,2,2,5,2,8,1,1,0,2,1,43,5
274,9,9,6,8,5,4,4,2,5,2,5,6,4,3,3,5,13,5
275,3,3,5,3,5,7,1,2,5,0,7,8,7,3,4,5,0,14
276,7,7,4,6,3,3,3,1,5,1,4,3,3,1,7,5,43,14
277,8,8,5,7,4,3,4,2,6,2,6,3,2,2,5,5,43,7
278,7,7,2,5,2,2,0,0,3,0,4,4,5,0,0,0,29,8
279,8,7,4,6,2,2,1,2,3,0,5,2,3,3,9,1,58,6
280,5,7,4,3,6,6,2,1,6,1,8,6,7,3,0,5,5,5
281,2,1,4,3,7,8,1,1,6,0,7,8,6,3,2,5,29,7
282,6,6,3,5,4,6,0,0,3,0,6,6,4,0,3,0,29,14
283,7,7,5,6,7,7,4,1,5,1,6,8,4,3,0,0,29,10
284,8,8,5,7,5,3,5,1,6,2,5,2,2,1,2,5,43,5
285,9,9,4,8,4,4,2,1,3,1,7,3,2,3,0,0,62,5
286,1,0,2,1,6,8,0,0,3,0,7,8,5,0,3,0,29,8
287,8,7,5,5,4,3,2,2,6,1,7,4,5,2,8,5,43,13
288,6,8,5,6,5,3,3,2,6,1,4,3,4,2,0,5,29,12
289,3,3,3,2,4,6,0,0,3,0,7,8,6,0,4,5,29,8
290,6,5,6,5,5,2,3,3,6,2,3,2,2,1,1,5,29,7
291,8,7,5,6,3,2,4,3,7,2,3,2,2,2,5,5,43,14
292,4,4,4,5,5,5,2,1,4,1,2,5,8,3,3,5,29,8
293,6,7,3,7,3,5,0,0,3,0,3,5,4,0,4,0,29,14
294,8,7,4,7,4,3,2,2,4,1,5,4,3,3,0,5,23,12
295,3,2,4,2,6,6,1,1,6,0,6,6,6,3,4,5,29,14
296,8,8,6,6,3,2,3,4,6,3,4,3,2,1,3,5,43,14
297,7,7,5,6,4,2,5,2,7,2,3,2,2,2,2,5,58,12
298,5,7,5,5,7,6,3,2,6,2,5,5,8,3,3,0,62,7
299,8,8,5,6,4,3,3,1,4,1,5,4,4,3,9,5,43,6
300,6,5,6,6,5,4,3,3,6,3,3,4,2,1,1,5,62,7
301,4,5,5,4,6,6,2,2,6,2,6,6,7,3,6,5,29,14
302,9,9,5,8,3,3,3,2,4,1,4,3,2,3,1,5,23,12
303,4,4,5,4,6,7,2,2,6,1,5,4,7,3,6,5,29,14
304,9,9,5,8,4,4,4,1,4,1,5,4,1,1,1,5,23,12
305,8,8,3,6,2,2,0,0,3,0,4,4,5,0,2,5,23,7
306,7,8,0,0,0,0,0,0,0,0,0,0,0,0,2,3,23,12
307,7,8,6,6,6,6,3,3,6,2,6,6,4,3,6,0,50,14
308,9,9,6,8,5,4,5,2,3,2,6,2,1,1,8,1,58,7
309,5,5,0,0,0,0,0,0,2,0,0,0,0,0,3,3,29,14
310,8,9,3,4,2,3,0,0,3,0,8,3,7,0,4,5,13,7
311,6,5,3,4,3,4,0,0,3,0,6,4,8,0,3,0,23,14
312,8,7,5,8,4,4,5,1,5,2,2,5,3,2,4,5,23,7
313,7,7,0,0,0,0,0,0,2,0,0,0,0,0,3,3,58,12
314,5,5,5,6,5,5,4,2,7,1,3,6,5,3,4,0,23,14
315,4,3,0,0,0,0,0,0,5,0,0,0,0,0,8,3,50,8
316,4,4,0,0,0,0,0,0,2,0,0,0,0,0,8,3,58,6
317,7,8,3,5,3,3,1,1,5,0,7,3,5,3,8,5,4,7
318,8,9,5,7,5,3,4,2,6,2,5,3,3,2,4,5,23,12
319,8,9,5,7,5,6,2,2,5,2,6,6,5,3,7,1,23,7
320,9,9,4,8,3,3,1,1,4,0,5,5,2,3,5,5,58,12
321,5,5,0,0,0,0,0,0,2,0,0,0,0,0,9,3,13,1
322,8,8,6,8,5,4,5,3,7,2,3,4,2,1,6,5,13,7
323,9,9,0,0,0,0,0,0,3,0,0,0,0,0,7,3,58,7
324,3,3,2,4,3,5,0,0,3,0,4,5,7,0,9,0,23,7
325,9,9,0,0,0,0,0,0,3,0,0,0,0,0,8,3,43,21
326,8,8,6,7,3,3,3,2,4,2,3,3,2,1,6,5,14,7
327,6,7,4,6,4,5,2,1,5,1,5,6,5,1,8,5,43,7
328,3,3,3,4,3,3,0,0,3,0,2,4,8,0,9,0,23,8
329,5,5,0,0,0,0,0,0,0,0,0,0,0,0,8,3,59,6
330,9,9,4,8,2,3,1,2,4,0,5,2,1,3,6,5,6,5
331,7,7,4,7,3,2,3,1,5,1,2,4,3,2,9,5,23,8
332,9,9,0,0,0,0,0,0,2,0,0,0,0,0,7,3,59,4
333,9,9,5,8,5,4,4,2,5,2,7,2,1,1,9,5,58,7
334,8,8,7,7,6,5,5,2,6,3,5,6,2,2,8,1,50,6
335,8,8,5,8,4,3,4,2,5,2,3,3,2,2,8,1,44,6
336,9,9,3,8,3,3,0,0,3,0,5,3,1,0,9,5,59,6
337,9,9,5,8,4,4,4,1,4,2,6,3,1,1,8,4,43,4
338,8,8,4,6,2,2,1,1,3,0,3,2,2,0,9,4,58,6
339,8,7,4,6,4,4,2,1,5,1,7,2,2,2,8,5,59,4
340,6,8,0,0,0,0,0,0,2,0,0,0,0,0,9,3,44,11
341,9,9,0,0,0,0,0,0,2,0,0,0,0,0,9,3,59,12
342,4,3,4,5,7,8,3,1,6,1,6,8,8,3,9,1,42,11
343,7,9,5,7,5,4,4,1,5,1,3,4,3,3,9,1,35,28
344,6,5,5,7,6,7,3,1,5,1,3,7,4,2,8,1,42,11
345,8,7,5,8,5,6,3,2,4,1,3,8,3,2,8,1,1,12
346,4,4,5,5,7,7,4,2,7,2,6,8,8,3,6,1,42,11
347,5,7,0,0,0,0,0,0,2,0,0,0,0,0,8,3,42,27
348,5,4,7,5,7,7,4,2,8,3,6,6,5,3,4,1,42,11
349,5,5,5,4,6,4,3,2,7,1,7,4,7,3,5,1,4,12
350,2,2,0,0,0,0,0,0,0,0,0,0,0,0,3,1,42,11
351,7,6,3,6,2,3,0,0,3,0,3,4,4,0,6,0,35,12
352,2,1,0,0,0,0,0,0,3,0,0,0,0,0,2,3,35,9
353,2,4,0,0,0,0,0,0,3,0,0,0,0,0,3,3,42,27
354,3,2,6,3,8,7,2,4,8,2,7,7,6,3,2,1,42,11
355,3,2,4,3,7,8,1,1,7,0,7,7,6,3,1,1,42,9
356,5,5,4,5,6,7,2,1,5,1,6,6,5,1,1,1,4,11
357,6,6,5,6,6,6,2,1,5,2,6,8,5,2,3,1,17,11
358,4,4,5,1,7,7,1,3,8,0,8,5,5,3,1,1,42,11
359,4,4,6,4,8,8,4,4,9,3,6,7,8,3,0,1,1,11
360,5,5,4,5,6,6,1,2,5,0,5,7,5,3,1,6,35,11
361,4,3,6,5,8,8,4,3,8,2,4,8,8,3,0,1,17,11
362,7,6,7,4,7,5,3,4,8,4,8,3,4,2,0,1,4,11
363,4,4,5,2,2,1,1,2,6,0,2,1,3,3,0,0,35,11
364,7,7,4,4,3,2,2,1,6,1,7,2,2,1,1,1,15,12
365,5,8,0,0,0,0,0,0,0,0,0,0,0,0,2,3,42,27
366,4,3,5,6,6,7,3,2,6,1,3,8,4,3,3,5,35,12
367,6,6,7,6,7,6,4,3,7,3,6,6,4,3,2,1,4,11
368,5,4,4,4,7,7,3,1,7,1,7,8,7,3,1,1,1,11
369,6,5,5,5,6,6,4,2,7,2,5,8,4,3,1,1,13,11
370,4,4,5,3,7,7,3,3,8,1,7,8,7,3,4,1,50,11
371,2,2,0,0,0,0,0,0,0,0,0,0,0,0,5,5,1,12
372,7,8,5,7,6,5,4,2,6,2,4,5,4,2,4,1,13,12
373,3,6,0,0,0,0,0,0,0,0,0,0,0,0,7,3,42,27
374,8,8,6,7,6,5,4,3,7,2,6,3,2,3,6,1,42,11
375,7,7,3,6,4,4,0,0,3,0,5,4,4,0,6,1,1,11
376,6,6,4,7,5,7,1,2,3,0,4,8,4,3,7,0,50,12
377,6,6,4,6,5,5,1,1,5,0,4,6,5,3,9,1,42,22
378,7,6,4,6,3,3,1,1,3,0,5,3,8,3,8,1,13,11
379,6,6,7,6,6,5,4,3,7,3,5,3,4,3,9,1,50,4
380,5,4,3,4,7,8,0,0,5,0,8,8,4,0,9,1,13,11
381,5,5,3,8,5,8,0,0,2,0,2,8,5,0,9,5,50,4
382,4,4,2,7,4,8,0,0,2,0,3,8,5,0,9,5,50,4
383,2,2,7,2,8,8,2,4,8,4,8,8,6,3,9,7,50,6
384,1,1,3,2,7,8,0,0,5,0,7,5,6,0,6,7,50,9
385,1,1,2,1,5,7,0,0,4,0,6,8,5,0,5,7,50,8
386,4,4,8,3,8,8,3,5,9,4,8,8,7,3,1,7,4,1
387,1,0,3,1,8,8,1,1,7,0,8,3,5,3,7,7,16,13
388,1,0,3,2,8,8,1,1,6,0,6,8,6,3,7,7,55,0
389,1,1,3,2,4,7,0,0,4,0,4,7,6,0,9,7,50,1
390,6,5,3,6,3,4,0,0,3,0,4,6,4,0,9,0,50,29
391,4,4,3,6,2,4,0,0,3,0,2,4,5,0,9,0,50,5
392,9,9,4,5,7,7,1,1,5,0,8,2,2,3,6,0,42,21
393,2,1,3,2,4,3,0,0,5,0,4,3,6,0,7,0,43,9
394,2,2,3,3,6,7,0,0,5,0,5,8,7,0,1,0,49,14
395,4,4,7,6,7,7,2,5,6,4,4,4,3,3,5,0,43,13
396,7,7,8,5,6,3,3,4,7,4,6,2,2,2,7,0,50,4
397,6,6,6,6,6,3,3,3,5,3,5,3,5,3,6,0,50,10
398,4,6,4,4,4,4,1,1,5,4,4,4,8,3,5,0,50,11
399,9,9,2,5,6,8,0,0,4,0,8,7,3,0,4,0,57,11
400,5,5,1,1,1,1,0,0,1,0,2,1,5,0,8,0,29,11
401,4,5,7,4,7,8,2,4,8,4,7,7,7,3,8,0,16,11
402,7,6,4,4,3,3,1,1,6,0,7,2,1,3,7,0,22,4
403,7,6,2,1,6,8,0,0,4,0,8,8,5,0,7,0,22,4
404,6,6,2,6,4,6,0,0,2,0,6,7,4,0,9,0,29,6
405,4,4,1,3,1,2,0,0,2,0,2,3,7,0,9,0,29,4
406,8,8,4,5,3,3,1,2,4,0,7,3,4,0,9,0,13,4
407,6,6,4,3,6,4,2,1,7,1,8,2,6,3,8,0,22,6
408,7,6,2,2,4,6,0,0,4,0,8,3,3,0,9,0,22,6
409,4,5,3,1,1,1,0,0,5,0,1,1,5,0,9,0,23,1
410,4,4,3,3,2,2,0,0,4,0,5,4,6,0,9,0,23,7
411,4,3,1,2,1,2,0,0,2,0,4,2,6,0,8,5,50,24
412,1,1,4,2,6,7,1,1,6,0,6,7,6,3,9,5,29,29
413,5,7,6,7,6,6,1,4,3,0,2,7,8,3,9,5,62,23
414,6,5,6,6,6,5,3,3,7,2,4,7,4,3,9,5,62,14
415,6,6,3,6,2,3,0,0,3,0,3,4,8,0,8,5,50,30
416,5,6,8,5,5,2,3,5,8,4,2,3,8,3,9,5,32,6
417,2,2,7,3,7,5,3,4,9,4,3,6,7,3,9,5,29,7
418,7,7,6,7,6,4,5,2,7,2,3,6,3,2,8,5,13,12
419,7,7,4,5,2,1,1,1,6,0,2,2,2,3,7,5,50,12
420,6,5,5,6,4,3,2,1,6,1,4,5,8,3,8,5,16,11
421,3,2,6,3,8,8,3,3,8,3,7,8,6,3,7,5,5,11
422,2,2,3,4,6,8,0,0,3,0,5,4,7,0,6,5,47,11
423,6,6,6,5,4,2,3,4,7,3,4,5,5,3,7,5,16,10
424,3,4,6,5,7,6,3,4,8,2,2,6,8,3,6,5,50,7
425,1,1,0,0,0,0,0,0,0,0,0,0,0,0,7,5,62,0
426,4,4,7,5,8,7,4,4,8,2,4,6,8,3,7,5,29,3
427,6,6,7,5,7,6,4,3,8,4,7,7,5,3,6,5,5,6
428,0,0,6,1,8,8,1,4,9,1,7,8,5,3,7,5,29,0
429,3,3,6,4,5,2,2,4,6,1,1,2,8,3,3,5,42,13
430,1,1,2,2,5,8,0,0,2,0,6,4,6,0,5,5,5,13
431,5,6,8,3,8,5,3,5,9,4,7,5,7,3,6,5,29,0
432,3,3,7,4,8,6,4,5,9,3,3,5,5,3,6,5,13,13
433,7,7,6,5,5,3,3,3,7,3,6,3,3,2,8,5,13,4
434,5,5,3,3,6,7,1,1,6,0,8,6,7,3,7,5,13,11
435,6,6,7,4,7,5,3,3,8,4,8,3,8,3,6,5,13,11
436,7,7,7,6,6,3,4,4,8,4,5,2,4,2,8,5,1,3
437,6,6,7,4,6,2,3,5,8,3,6,4,3,3,8,5,19,11
438,7,7,7,5,6,4,3,3,7,3,6,3,4,3,9,5,0,4
439,6,6,7,5,6,3,4,4,8,4,5,4,5,3,8,5,13,12
440,7,7,7,6,4,2,5,4,8,3,3,3,3,2,9,5,29,5
441,5,7,8,7,8,7,5,5,9,4,2,7,8,3,9,5,23,7
442,4,4,6,4,5,3,3,2,8,3,3,4,8,3,9,5,16,7
443,2,2,2,2,1,1,0,0,2,0,1,1,6,0,8,1,50,17
444,3,3,1,2,2,7,0,0,2,0,8,7,6,0,7,1,50,1
445,3,4,8,2,8,7,2,5,9,4,8,8,6,3,8,1,1,22
446,3,3,2,4,2,6,0,0,2,0,3,5,8,0,6,1,50,1
447,4,3,8,1,8,7,1,5,9,0,8,6,5,3,5,1,50,3
448,2,1,8,3,8,8,2,5,9,3,8,8,6,3,8,1,26,2
449,5,4,6,4,7,5,3,3,8,3,6,2,7,3,7,1,1,4
450,6,5,4,2,1,1,1,1,5,0,1,1,6,3,7,1,16,11
451,4,3,7,3,8,8,2,3,7,4,7,8,7,3,3,1,1,2
452,4,3,8,3,8,8,3,5,9,4,8,8,7,3,4,1,1,4
453,3,3,8,3,8,7,2,5,9,1,7,6,6,3,5,1,53,2
454,1,1,8,4,8,8,3,5,9,2,6,8,7,3,8,1,4,3
455,5,5,8,6,7,7,3,4,7,4,3,6,8,3,8,1,29,5
456,7,8,3,5,3,3,0,0,5,0,6,5,5,0,4,1,53,3
457,6,6,8,5,8,4,1,5,7,0,5,2,4,3,3,1,35,3
458,4,3,8,4,8,8,3,5,9,4,7,8,8,3,2,1,35,0
459,4,4,8,4,8,8,3,5,8,3,7,8,8,3,2,1,4,3
460,4,4,8,3,8,8,3,5,9,4,8,8,6,3,3,1,4,3
461,4,3,6,3,8,8,3,4,9,1,7,8,7,3,3,1,35,0
462,2,2,8,3,8,8,3,5,9,4,6,8,6,3,4,1,35,0
463,5,5,3,7,4,6,0,0,4,0,2,6,4,0,5,1,47,6
464,5,5,3,3,2,2,0,0,4,0,5,3,2,0,7,1,5,6
465,1,1,8,2,8,8,2,5,9,3,7,8,6,3,8,1,4,2
466,2,3,7,2,8,8,2,4,8,3,8,8,6,3,6,1,42,6
467,3,3,4,1,7,6,1,2,8,0,8,6,5,3,5,1,42,1
468,4,3,8,4,8,8,2,5,8,3,6,8,8,3,0,1,35,0
469,2,3,7,2,8,7,1,5,8,1,7,7,6,3,7,1,42,6
470,2,2,7,1,8,6,1,5,9,0,8,5,5,3,3,1,35,0
471,1,0,1,2,1,3,0,0,1,0,2,2,6,0,5,1,42,8
472,1,1,1,3,2,7,0,0,2,0,3,5,7,0,4,1,42,8
473,2,2,3,2,8,8,0,0,6,0,8,8,6,0,3,1,35,0
474,3,3,8,3,8,8,2,5,9,4,8,8,6,3,0,1,42,1
475,2,2,7,2,8,8,2,5,9,1,8,7,6,3,7,1,42,7
476,3,3,6,1,8,7,1,5,9,3,8,7,5,3,6,1,42,14
477,2,2,6,2,8,8,2,4,9,3,8,7,6,3,5,1,42,14
478,2,2,7,2,8,5,1,5,9,0,7,6,6,3,4,1,42,14
479,7,6,4,7,5,6,3,1,3,1,4,7,2,3,2,1,11,7
480,5,5,8,3,7,8,2,5,8,4,8,7,7,3,0,1,42,7
481,7,7,8,4,8,6,3,5,9,4,8,2,4,3,1,1,57,7
482,2,2,8,3,8,8,3,5,9,4,7,8,6,3,2,1,50,6
483,6,6,5,3,7,8,1,3,6,0,8,7,7,3,4,1,43,6
484,2,2,8,4,8,8,3,5,9,4,6,8,7,3,5,1,42,14
485,2,2,7,3,7,8,2,4,8,4,6,8,6,3,3,1,42,14
486,3,3,8,5,8,8,4,5,9,4,5,8,5,3,2,1,42,14
487,4,4,7,4,8,8,3,5,8,3,7,8,8,3,0,1,4,7
488,2,2,8,2,8,7,2,5,9,3,7,7,6,3,2,1,50,22
489,3,4,8,5,7,5,4,3,8,4,1,5,8,3,6,1,35,7
490,2,1,6,4,8,8,3,3,7,3,4,8,8,3,5,1,42,14
491,2,1,6,2,8,7,2,4,9,2,7,7,6,3,3,1,42,8
492,3,3,5,2,8,8,1,3,7,0,8,8,6,3,2,1,42,8
493,3,3,7,4,7,4,4,4,9,4,2,5,8,3,0,1,42,1
494,5,5,8,3,7,2,2,5,9,2,5,3,6,3,3,1,43,13
495,2,4,7,3,8,7,2,5,9,4,6,6,6,3,5,1,5,13
496,3,3,7,3,8,8,3,5,9,2,7,8,7,3,6,1,42,14
497,2,2,6,2,7,4,2,5,8,1,4,4,6,3,4,1,42,8
498,3,3,8,3,8,6,3,4,8,4,5,6,7,3,2,1,42,8
499,2,2,6,2,7,8,2,4,8,1,7,8,6,3,1,1,42,8
500,2,1,8,3,8,8,1,5,7,0,5,6,6,3,0,1,35,1
501,5,6,5,4,7,5,3,2,7,2,7,4,7,3,3,1,43,22
502,1,1,8,1,8,7,1,5,9,0,8,7,5,3,5,1,5,13
503,4,3,8,2,8,8,2,4,9,4,8,8,6,3,5,1,1,13
504,4,3,8,2,8,6,2,5,9,3,8,5,6,3,2,1,35,6
505,0,0,0,0,0,0,0,0,0,0,0,0,0,0,2,1,35,6
506,3,3,7,2,8,7,2,5,9,3,8,8,6,3,4,1,35,1
507,5,4,7,3,8,6,3,5,9,3,8,6,6,3,5,1,1,8
508,3,3,0,0,0,0,0,0,0,0,0,0,0,0,6,1,13,11
509,8,7,5,4,7,7,3,3,7,2,8,4,4,2,4,1,1,11
510,4,3,8,2,8,6,2,5,9,4,8,5,6,3,3,1,1,4
511,3,3,8,3,8,7,2,5,9,4,5,7,7,3,4,1,42,3
512,3,2,7,2,8,8,2,5,9,2,8,8,6,3,5,1,35,10
513,2,2,7,2,8,8,2,5,9,2,8,8,6,3,6,1,13,10
514,4,5,7,2,8,6,2,5,9,3,8,7,6,3,8,1,29,2
515,2,2,8,3,8,8,3,5,9,4,8,8,7,3,5,1,35,3
516,5,5,8,4,8,6,3,5,9,4,6,4,8,3,5,1,13,4
517,3,3,8,2,8,8,2,5,9,4,8,8,6,3,6,1,35,3
518,6,6,3,8,3,7,0,0,2,0,2,7,3,0,7,1,13,10
519,3,2,8,2,8,6,2,5,9,2,7,5,6,3,7,1,53,4
520,2,2,2,4,2,5,0,0,2,0,2,5,8,0,7,1,50,3
521,3,3,8,4,8,8,3,5,9,4,6,8,7,3,8,1,16,6
522,4,4,5,2,7,5,1,3,7,0,8,3,6,3,8,1,50,7
523,3,2,8,3,8,7,2,5,9,4,7,7,6,3,9,1,53,7
524,1,1,5,3,8,8,1,3,6,0,7,8,6,3,9,1,53,1
525,1,1,0,0,0,0,0,0,7,0,0,0,0,0,8,3,4,3
526,0,1,0,0,0,0,0,0,8,0,0,0,0,0,7,3,13,13
527,0,0,0,0,0,0,0,0,9,0,0,0,0,0,8,3,4,9
528,0,0,0,0,0,0,0,0,9,0,0,0,0,0,8,3,4,8
529,8,7,0,0,0,0,0,0,5,0,0,0,0,0,2,3,1,3
530,0,1,0,0,0,0,0,0,3,0,0,0,0,0,7,3,42,6
531,0,0,0,0,0,0,0,0,0,0,0,0,0,0,7,3,42,13
532,1,1,0,0,0,0,0,0,1,0,0,0,0,0,6,3,42,8
533,1,1,0,0,0,0,0,0,2,0,0,0,0,0,5,3,42,8
534,3,5,0,0,0,0,0,0,5,0,0,0,0,0,1,3,11,7
535,8,7,0,0,0,0,0,0,3,0,0,0,0,0,0,3,42,7
536,2,4,0,0,0,0,0,0,6,0,0,0,0,0,5,3,5,6
537,1,1,0,0,0,0,0,0,0,0,0,0,0,0,4,3,42,14
538,3,3,0,0,0,0,0,0,2,0,0,0,0,0,0,3,42,6
539,1,2,0,0,0,0,0,0,8,0,0,0,0,0,4,3,5,13
540,3,3,0,0,0,0,0,0,0,0,0,0,0,0,1,3,42,14
541,1,1,0,0,0,0,0,0,0,0,0,0,0,0,4,3,42,8
542,5,4,0,0,0,0,0,0,0,0,0,0,0,0,0,3,57,0
543,4,4,0,0,0,0,0,0,2,0,0,0,0,0,0,3,57,16
544,9,9,0,0,0,0,0,0,1,0,0,0,0,0,0,3,42,23
545,7,8,0,0,0,0,0,0,0,0,0,0,0,0,0,3,57,15
546,8,8,0,0,0,0,0,0,1,0,0,0,0,0,1,3,22,20
547,8,8,0,0,0,0,0,0,2,0,0,0,0,0,1,3,22,25
548,8,8,0,0,0,0,0,0,2,0,0,0,0,0,2,3,4,18
549,4,4,0,0,0,0,0,0,0,0,0,0,0,0,4,3,22,2
550,4,4,0,0,0,0,0,0,0,0,0,0,0,0,5,3,22,2
551,8,7,0,0,0,0,0,0,3,0,0,0,0,0,7,3,22,11
552,7,7,0,0,0,0,0,0,4,0,0,0,0,0,8,3,22,6
553,4,8,0,0,0,0,0,0,6,0,0,0,0,0,9,3,29,1
554,2,2,2,4,3,7,0,0,2,0,3,4,8,0,6,7,43,11
555,3,2,1,2,1,1,0,0,2,0,1,2,6,0,6,7,49,8
556,2,1,1,4,2,6,0,0,2,0,2,5,7,0,6,7,49,8
557,0,0,0,0,0,0,0,0,0,0,0,0,0,0,7,7,11,9
558,2,1,1,3,2,3,0,0,2,0,2,4,6,0,7,7,11,9
559,2,1,5,2,6,6,1,3,6,0,5,5,6,3,1,7,26,9
560,1,1,3,1,4,5,0,0,5,0,7,5,5,0,2,7,32,11
561,1,1,2,4,2,3,0,0,2,0,1,3,8,0,9,7,32,2
562,3,3,2,4,2,2,0,0,2,0,1,2,8,0,8,7,32,2
563,1,1,1,2,1,1,0,0,2,0,1,1,6,0,4,7,29,11
564,2,2,2,3,2,3,0,0,2,0,2,4,7,0,6,7,0,11
565,1,1,1,1,1,2,0,0,2,0,2,2,5,0,8,7,32,11
566,1,1,1,3,2,4,0,0,2,0,2,4,6,0,8,7,32,2
567,2,1,2,3,3,5,0,0,3,0,2,5,6,0,8,7,29,2
568,0,0,1,1,1,1,0,0,1,0,1,2,5,0,9,6,0,8
569,6,5,1,4,1,1,0,0,1,0,1,2,8,0,9,6,62,2
570,9,9,3,3,1,1,0,0,2,0,3,1,3,0,0,6,5,4
571,2,2,3,2,8,8,0,0,7,0,8,8,6,0,6,6,23,11
572,2,2,1,2,1,2,0,0,1,0,1,2,6,0,9,0,33,0
573,7,6,2,7,2,6,0,0,2,0,3,5,3,0,8,0,15,2
574,6,6,4,2,5,4,2,1,6,1,8,2,3,1,4,0,4,9
575,7,6,3,2,4,3,0,0,4,0,8,0,0,0,2,0,10,9
576,1,1,0,0,0,0,0,0,0,0,0,0,0,0,8,0,27,9
577,4,4,3,1,1,1,0,0,5,0,5,1,5,0,6,0,58,12
578,2,1,0,0,0,0,0,0,0,0,0,0,0,0,2,0,27,13
579,3,2,0,0,0,0,0,0,0,0,0,0,0,0,2,0,27,13
580,5,5,2,3,1,2,0,0,3,0,2,3,4,0,7,0,62,11
581,7,7,4,5,3,3,2,2,3,1,6,3,5,3,7,0,9,9
582,8,9,3,6,2,2,0,0,3,0,6,4,3,0,3,0,9,11
583,6,6,6,4,3,4,1,4,4,0,7,5,4,3,5,0,62,14
584,3,2,1,2,2,4,0,0,2,0,5,2,6,0,8,0,43,2
585,5,4,3,4,1,2,0,0,2,0,1,2,5,0,2,0,23,4
586,9,9,4,4,2,1,2,1,5,1,8,1,1,0,0,0,57,4
587,4,4,3,4,4,5,0,0,3,0,5,5,4,0,3,0,29,6
588,4,4,5,1,2,1,1,3,8,0,4,1,5,3,8,0,53,0
589,9,9,4,3,2,2,1,2,5,0,8,1,4,3,1,0,23,2
590,1,1,3,2,7,8,0,0,3,0,8,3,6,0,6,0,5,11
591,6,6,3,4,2,2,0,0,5,0,6,2,4,0,8,0,62,6
592,6,6,3,4,3,4,0,0,3,0,8,4,7,0,7,0,23,4
593,7,6,7,6,6,6,2,4,5,3,7,3,2,1,7,0,26,13
594,9,9,4,7,3,3,1,1,2,0,8,3,3,3,5,0,25,4
595,6,5,3,6,2,2,0,0,2,0,2,5,4,0,8,0,32,6
596,4,4,3,4,3,4,0,0,3,0,3,4,8,0,8,0,26,2
597,5,4,2,5,2,3,0,0,2,0,4,4,3,0,8,0,13,14
598,5,4,2,8,4,7,0,0,3,0,1,7,3,0,8,0,50,12
599,5,4,3,5,2,3,0,0,3,0,2,3,4,0,9,0,29,7
600,1,1,5,2,8,8,1,4,7,0,7,8,6,3,9,0,50,8
601,8,7,7,7,6,4,4,4,8,3,6,4,3,2,8,5,13,3
602,6,5,3,5,2,2,0,0,2,0,2,3,4,0,8,5,43,10
603,8,8,8,7,7,4,5,5,8,3,7,4,4,2,6,5,53,12
604,5,5,6,2,3,2,2,4,7,2,5,2,6,3,8,5,58,10
605,7,7,3,7,2,2,0,0,2,0,2,3,4,0,7,5,58,12
606,6,5,7,5,6,5,3,3,8,3,6,3,8,3,5,5,50,12
607,6,6,4,5,2,2,1,1,2,0,4,3,3,3,5,5,58,12
608,6,6,7,7,7,6,5,4,8,3,4,7,5,3,9,5,62,12
609,6,5,5,3,3,2,2,2,7,2,4,2,4,3,7,5,23,12
610,9,9,2,3,1,1,0,0,2,0,2,1,7,0,9,5,60,5
611,7,6,7,4,7,6,3,4,8,3,8,7,3,2,8,5,29,12
612,5,5,3,1,2,2,0,0,6,0,8,3,5,0,7,5,29,12
613,5,4,7,4,7,5,3,4,9,3,7,6,4,3,5,5,23,11
614,9,9,8,6,5,2,5,4,9,4,6,3,2,1,2,5,45,5
615,6,6,2,5,2,2,0,0,2,0,5,3,4,0,6,5,23,11
616,8,8,2,7,2,2,0,0,2,0,3,2,3,0,8,5,23,5
617,7,7,7,7,7,5,5,5,9,3,5,7,3,2,3,5,23,4
618,5,4,7,4,8,8,2,4,8,4,8,8,4,3,4,5,29,6
619,9,8,5,8,2,4,1,3,2,0,2,4,2,3,5,5,29,9
620,4,4,5,3,7,8,1,4,6,0,8,7,6,3,5,5,23,7
621,9,9,7,7,5,2,5,4,7,3,5,2,2,1,8,5,26,2
622,9,9,7,7,3,2,5,3,6,3,4,2,3,2,1,5,26,4
623,7,8,7,7,6,6,4,4,6,3,5,4,5,3,6,5,5,5
624,5,5,7,4,7,4,4,5,9,3,6,5,3,2,2,5,23,11
625,5,5,7,5,7,6,3,4,7,3,6,6,5,3,4,5,23,7
626,9,8,3,8,3,5,0,0,2,0,3,7,1,0,7,5,16,9
627,3,3,6,4,7,5,3,3,8,2,4,5,7,3,5,5,58,14
628,6,5,7,4,7,4,3,4,8,4,6,3,8,3,2,5,58,11
629,1,1,6,2,4,2,1,4,8,1,3,2,6,3,6,5,58,8
630,6,6,7,6,7,5,5,5,9,2,4,6,4,3,3,5,23,14
631,5,5,7,4,7,4,3,4,9,2,6,4,7,3,5,5,58,5
632,7,7,7,6,7,5,5,4,9,4,6,6,5,3,4,5,58,11
633,9,9,8,8,5,3,5,3,8,3,5,3,2,1,6,5,13,4
634,5,6,6,5,7,6,4,3,8,2,6,6,4,2,6,5,58,5
635,1,1,5,2,5,3,1,3,7,0,3,4,6,3,6,5,62,4
636,9,9,7,8,6,3,5,4,8,3,5,6,2,1,4,5,5,5
637,6,6,7,6,7,4,4,4,8,3,5,4,2,1,5,5,16,12
638,5,4,7,4,8,8,3,4,8,4,8,8,8,3,8,5,0,6
639,4,4,7,2,7,6,2,4,8,4,8,3,6,3,7,5,5,11
640,6,5,6,3,7,4,2,4,8,2,8,5,4,3,6,5,7,12
641,3,2,4,2,4,3,1,2,6,0,4,4,6,3,7,5,32,11
642,2,2,7,3,8,8,2,4,8,4,8,7,6,3,7,5,24,11
643,4,3,5,3,7,7,2,3,7,2,6,7,7,3,7,5,13,12
644,2,2,5,3,8,8,2,3,8,1,6,8,6,3,8,5,13,11
645,5,4,6,2,5,4,1,4,8,0,8,5,6,3,7,5,5,12
646,5,5,3,5,3,4,0,0,4,0,3,6,4,0,7,5,25,13
647,5,4,2,8,5,7,0,0,3,0,1,8,4,0,8,5,13,12
648,5,4,6,4,7,5,3,3,8,2,6,5,4,3,8,5,26,5
649,4,4,3,8,4,7,0,0,3,0,1,7,3,0,8,5,13,14
650,6,6,2,4,4,7,0,0,2,0,8,8,8,0,8,5,32,5
651,6,5,3,8,5,7,0,0,3,0,1,8,3,0,8,5,13,5
652,5,5,3,8,3,6,0,0,3,0,1,7,3,0,9,5,13,14
653,4,4,4,5,6,6,1,1,5,0,5,7,5,3,9,5,13,7
654,3,3,3,4,6,8,0,0,5,0,5,8,8,0,9,5,13,3
655,3,2,0,0,0,0,0,0,0,0,0,0,0,0,7,1,42,8
656,4,3,1,5,1,2,0,0,2,0,1,2,8,0,8,1,4,9
657,3,2,0,0,0,0,0,0,0,0,0,0,0,0,6,1,42,8
658,4,4,1,2,1,1,0,0,1,0,2,1,6,0,6,1,42,11
659,4,4,1,5,2,6,0,0,2,0,3,5,8,0,7,1,49,8
660,2,2,3,4,3,8,0,0,2,0,4,8,8,0,8,1,13,9
661,3,2,0,0,0,0,0,0,0,0,0,0,0,0,6,1,42,9
662,2,2,1,3,2,5,0,0,2,0,3,4,7,0,7,1,43,9
663,2,2,1,3,2,3,0,0,2,0,3,2,6,0,5,1,42,9
664,4,3,1,4,1,1,0,0,1,0,1,2,8,0,6,1,47,9
665,3,3,1,5,2,5,0,0,1,0,2,4,5,0,5,1,42,9
666,3,2,1,2,1,2,0,0,2,0,2,1,6,0,6,1,42,9
667,2,1,1,4,2,7,0,0,1,0,3,5,7,0,5,1,42,9
668,6,6,7,5,7,3,3,4,7,4,5,4,4,2,6,1,47,11
669,3,2,1,1,1,1,0,0,2,0,2,1,5,0,6,1,42,8
670,6,5,7,4,6,6,2,3,7,4,8,4,3,3,4,1,4,9
671,4,3,1,4,2,7,0,0,2,0,6,5,4,0,4,1,42,9
672,3,2,0,0,0,0,0,0,0,0,0,0,0,0,6,1,42,9
673,2,2,0,0,0,0,0,0,0,0,0,0,0,0,3,1,42,9
674,6,5,3,3,1,1,0,0,3,0,1,1,4,0,9,1,58,3
675,3,3,0,0,0,0,0,0,0,0,0,0,0,0,5,1,42,9
676,3,2,0,0,0,0,0,0,0,0,0,0,0,0,2,1,42,9
677,5,4,5,1,3,1,1,4,9,3,7,1,5,3,4,1,43,12
678,4,3,0,0,0,0,0,0,0,0,0,0,0,0,4,1,42,9
679,3,2,5,2,7,6,2,2,8,4,7,2,6,3,2,1,35,9
680,3,2,7,2,8,8,2,4,8,4,8,4,6,3,2,1,1,9
681,4,3,0,0,0,0,0,0,0,0,0,0,0,0,6,1,42,9
682,3,3,0,0,0,0,0,0,0,0,0,0,0,0,2,1,42,9
683,4,4,0,0,0,0,0,0,0,0,0,0,0,0,5,1,42,9
684,2,2,6,3,8,8,3,3,8,3,7,8,6,3,1,1,42,9
685,3,2,6,3,8,8,3,3,8,3,7,7,7,3,1,1,42,9
686,5,5,7,5,7,5,3,5,8,1,5,5,3,2,3,1,43,12
687,2,2,6,2,8,7,2,4,8,4,7,7,6,3,1,1,35,9
688,3,2,0,0,0,0,0,0,0,0,0,0,0,0,3,1,42,9
689,3,2,7,3,8,8,2,4,8,4,7,4,6,3,1,1,1,9
690,2,1,0,0,0,0,0,0,0,0,0,0,0,0,4,1,42,9
691,2,1,0,0,0,0,0,0,0,0,0,0,0,0,3,1,42,9
692,3,3,0,0,0,0,0,0,0,0,0,0,0,0,2,1,42,9
693,3,2,0,0,0,0,0,0,0,0,0,0,0,0,2,1,42,9
694,4,4,1,1,1,1,0,0,2,0,3,1,5,0,1,1,42,9
695,3,2,2,1,2,2,0,0,3,0,5,1,5,0,1,1,42,8
696,4,4,0,0,0,0,0,0,0,0,0,0,0,0,6,1,49,8
697,2,2,0,0,0,0,0,0,0,0,0,0,0,0,2,1,35,9
698,4,3,0,0,0,0,0,0,0,0,0,0,0,0,0,1,54,9
699,3,3,0,0,0,0,0,0,0,0,0,0,0,0,4,1,11,9
700,3,3,2,4,2,2,0,0,2,0,2,2,3,0,1,1,42,8
701,2,2,0,0,0,0,0,0,0,0,0,0,0,0,2,1,35,11
702,7,7,8,4,8,5,2,5,8,3,8,6,7,3,2,1,52,11
703,4,3,4,3,5,5,1,1,4,0,6,2,6,3,0,1,42,9
704,4,3,2,4,2,3,0,0,2,0,2,3,2,0,7,1,11,9
705,3,2,1,4,2,7,0,0,1,0,4,7,7,0,4,1,4,9
706,3,3,2,4,1,2,0,0,2,0,1,2,2,0,0,1,42,9
707,2,1,0,0,0,0,0,0,0,0,0,0,0,0,1,1,35,11
708,4,3,3,4,2,2,0,0,2,0,1,2,4,0,0,1,48,9
709,3,2,1,4,2,5,0,0,1,0,2,4,7,0,5,1,4,9
710,3,2,1,5,2,6,0,0,2,0,3,6,8,0,6,1,11,9
711,2,1,0,0,0,0,0,0,0,0,0,0,0,0,1,1,35,9
712,4,3,6,2,8,8,2,4,9,3,8,5,6,3,0,1,42,9
713,4,3,1,5,2,4,0,0,1,0,2,4,5,0,5,1,4,9
714,3,2,6,1,8,8,1,5,9,3,8,8,5,3,0,1,42,8
715,3,2,3,2,2,2,1,1,5,0,2,2,6,3,0,1,35,9
716,3,2,0,0,0,0,0,0,0,0,0,0,0,0,0,1,48,2
717,3,2,2,3,3,6,0,0,2,0,5,6,6,0,0,1,35,9
718,4,3,0,0,0,0,0,0,0,0,0,0,0,0,0,1,42,2
719,4,3,1,5,2,7,0,0,1,0,4,7,8,0,0,1,35,2
720,2,2,1,2,2,6,0,0,2,0,5,5,6,0,7,1,23,3
721,5,4,2,2,2,2,0,0,2,0,6,2,2,0,8,1,29,2
722,4,4,4,5,3,7,1,1,2,4,4,7,8,3,5,1,23,5
723,5,4,5,3,6,7,1,3,7,1,8,7,4,3,6,1,50,10
724,5,4,5,6,5,3,3,3,6,1,2,3,3,3,6,1,50,12
725,1,1,5,2,5,6,1,2,6,0,4,2,6,3,6,1,43,14
726,6,6,3,6,6,7,0,0,5,0,7,8,2,0,7,1,13,12
727,5,4,4,6,5,6,1,1,4,0,3,4,4,3,9,1,29,5
728,1,1,0,0,0,0,0,0,1,0,0,0,0,0,7,3,55,8
729,1,1,0,0,0,0,0,0,1,0,0,0,0,0,6,3,35,8
730,5,6,0,0,0,0,0,0,1,0,0,0,0,0,5,3,4,11
731,1,1,0,0,0,0,0,0,2,0,0,0,0,0,5,3,35,8
732,1,4,0,0,0,0,0,0,0,0,0,0,0,0,6,3,42,9
733,8,8,0,0,0,0,0,0,1,0,0,0,0,0,5,3,4,11
734,3,4,0,0,0,0,0,0,0,0,0,0,0,0,3,3,22,9
735,0,0,0,0,0,0,0,0,0,0,0,0,0,0,3,3,22,9
736,0,0,0,0,0,0,0,0,0,0,0,0,0,0,3,3,22,9
737,2,2,0,0,0,0,0,0,0,0,0,0,0,0,3,3,42,9
738,1,1,0,0,0,0,0,0,0,0,0,0,0,0,6,3,42,9
739,2,2,0,0,0,0,0,0,2,0,0,0,0,0,9,3,43,3
740,2,1,0,0,0,0,0,0,5,0,0,0,0,0,2,3,42,9
741,2,1,0,0,0,0,0,0,1,0,0,0,0,0,4,3,35,9
742,2,2,0,0,0,0,0,0,2,0,0,0,0,0,8,3,43,10
743,7,7,0,0,0,0,0,0,2,0,0,0,0,0,2,3,10,10
744,2,2,0,0,0,0,0,0,0,0,0,0,0,0,1,3,42,9
745,4,7,0,0,0,0,0,0,1,0,0,0,0,0,6,3,49,9
746,2,3,0,0,0,0,0,0,8,0,0,0,0,0,7,3,58,11
747,2,2,0,0,0,0,0,0,0,0,0,0,0,0,4,3,11,9
748,2,3,0,0,0,0,0,0,2,0,0,0,0,0,1,3,42,9
749,1,1,0,0,0,0,0,0,0,0,0,0,0,0,7,3,42,9
750,4,3,0,0,0,0,0,0,0,0,0,0,0,0,6,3,55,8
751,2,3,0,0,0,0,0,0,1,0,0,0,0,0,2,3,4,11
752,5,5,0,0,0,0,0,0,3,0,0,0,0,0,6,3,23,11
753,4,4,0,0,0,0,0,0,0,0,0,0,0,0,0,3,42,9
754,2,3,0,0,0,0,0,0,0,0,0,0,0,0,1,3,26,11
755,1,2,0,0,0,0,0,0,3,0,0,0,0,0,4,3,58,11
756,1,2,0,0,0,0,0,0,0,0,0,0,0,0,0,3,42,2
757,4,5,0,0,0,0,0,0,3,0,0,0,0,0,3,3,58,4
758,4,6,0,0,0,0,0,0,1,0,0,0,0,0,0,3,61,2
759,3,2,0,0,0,0,0,0,2,0,0,0,0,0,7,3,13,11
760,7,9,0,0,0,0,0,0,3,0,0,0,0,0,9,3,9,2
761,1,2,0,0,0,0,0,0,1,0,0,0,0,0,2,3,23,4
762,0,0,0,0,0,0,0,0,0,0,0,0,0,0,7,3,43,3
763,0,0,0,0,0,0,0,0,0,0,0,0,0,0,7,3,58,3
764,0,0,0,0,0,0,0,0,0,0,0,0,0,0,5,3,58,1
765,0,0,0,0,0,0,0,0,0,0,0,0,0,0,5,3,58,1
766,0,0,0,0,0,0,0,0,0,0,0,0,0,0,5,3,58,1
767,2,2,0,0,0,0,0,0,0,0,0,0,0,0,1,3,23,11
768,0,0,0,0,0,0,0,0,0,0,0,0,0,0,5,3,58,1
769,0,0,0,0,0,0,0,0,0,0,0,0,0,0,5,3,58,1
770,0,0,0,0,0,0,0,0,0,0,0,0,0,0,5,3,58,1
771,0,0,0,0,0,0,0,0,0,0,0,0,0,0,5,3,58,1
772,0,0,0,0,0,0,0,0,0,0,0,0,0,0,5,3,58,1
773,0,0,0,0,0,0,0,0,0,0,0,0,0,0,5,3,58,1
774,5,6,0,0,0,0,0,0,0,0,0,0,0,0,6,3,58,3
775,2,2,0,0,0,0,0,0,5,0,0,0,0,0,1,3,23,11
776,5,8,0,0,0,0,0,0,0,0,0,0,0,0,1,3,0,2
777,5,6,0,0,0,0,0,0,3,0,0,0,0,0,6,3,58,3
778,0,0,0,0,0,0,0,0,0,0,0,0,0,0,6,3,58,3
779,0,0,0,0,0,0,0,0,0,0,0,0,0,0,6,3,58,3
780,0,0,0,0,0,0,0,0,0,0,0,0,0,0,5,3,62,13
781,1,1,0,0,0,0,0,0,0,0,0,0,0,0,6,3,1,4
782,3,4,0,0,0,0,0,0,3,0,0,0,0,0,6,3,13,11
783,1,1,0,0,0,0,0,0,8,0,0,0,0,0,7,3,24,11
784,3,2,0,0,0,0,0,0,2,0,0,0,0,0,7,3,45,14
785,0,0,2,2,3,6,0,0,3,0,1,7,6,0,7,7,43,8
786,1,1,2,2,6,8,0,0,4,0,7,8,6,0,6,7,37,11
787,2,1,3,3,5,6,0,0,7,0,3,7,6,0,2,7,26,1
788,2,2,2,4,5,7,0,0,4,0,3,7,8,0,2,7,26,2
789,0,0,2,3,3,6,0,0,3,0,1,6,7,0,0,7,26,11
790,1,0,2,3,3,6,0,0,3,0,2,6,6,0,0,7,26,13
791,0,0,3,1,6,7,0,0,7,0,2,7,5,0,5,7,4,1
792,3,3,6,3,7,7,2,4,6,1,6,7,7,3,7,7,42,0
793,1,1,2,1,3,5,0,0,4,0,6,2,5,0,9,7,0,16
794,3,2,3,2,3,3,0,0,6,0,6,5,6,0,4,7,5,23
795,2,2,3,2,3,3,0,0,4,0,3,3,6,0,3,7,5,17
796,4,4,0,0,0,0,0,0,0,0,0,0,0,0,6,2,39,4
797,1,0,0,0,0,0,0,0,0,0,0,0,0,0,6,2,36,11
798,2,3,0,0,0,0,0,0,0,0,0,0,0,0,6,2,37,4
799,2,2,0,0,0,0,0,0,0,0,0,0,0,0,8,2,37,6
800,4,5,0,0,0,0,0,0,0,0,0,0,0,0,5,2,36,11
801,0,0,0,0,0,0,0,0,0,0,0,0,0,0,5,2,36,11
802,0,0,0,0,0,0,0,0,0,0,0,0,0,0,4,2,36,11
803,4,5,0,0,0,0,0,0,0,0,0,0,0,0,4,2,37,11
804,0,0,0,0,0,0,0,0,0,0,0,0,0,0,4,2,37,9
805,1,3,0,0,0,0,0,0,0,0,0,0,0,0,4,2,38,11
806,0,0,0,0,0,0,0,0,0,0,0,0,0,0,4,2,40,13
807,9,9,0,0,0,0,0,0,2,0,0,0,0,0,9,2,21,0
808,0,0,0,0,0,0,0,0,0,0,0,0,0,0,4,2,40,13
809,4,4,0,0,0,0,0,0,0,0,0,0,0,0,9,2,20,0
810,3,4,0,0,0,0,0,0,0,0,0,0,0,0,9,2,21,9
811,1,2,0,0,0,0,0,0,0,0,0,0,0,0,4,2,40,13
812,1,0,0,0,0,0,0,0,0,0,0,0,0,0,5,2,40,8
813,2,3,0,0,0,0,0,0,0,0,0,0,0,0,5,2,40,9
814,1,1,2,3,2,4,0,0,2,0,1,3,6,0,6,6,58,8
815,0,0,3,2,8,8,0,0,6,0,7,2,6,0,0,6,5,1
816,2,1,1,3,4,8,0,0,2,0,6,8,6,0,3,6,36,13
817,1,1,0,0,0,0,0,0,0,0,0,0,0,0,6,6,54,0
818,1,1,2,2,2,2,0,0,4,0,2,2,6,0,5,6,40,8
819,3,4,0,0,0,0,0,0,0,0,0,0,0,0,2,6,43,7
820,1,0,1,2,3,8,0,0,2,0,3,7,6,0,4,6,5,10
821,8,8,3,6,2,2,0,0,4,0,6,3,4,0,5,0,58,7
822,1,2,2,3,3,5,0,0,4,0,2,6,6,0,4,0,5,14
823,4,3,3,3,4,5,0,0,5,0,5,3,7,0,4,0,5,14
824,0,0,4,4,8,8,0,0,5,0,1,8,7,0,1,0,50,14
825,0,0,3,2,5,8,0,0,3,0,2,6,6,0,0,0,52,8
826,6,6,3,3,3,3,0,0,6,0,7,5,7,0,0,0,62,14
827,6,6,0,0,0,0,0,0,0,0,0,0,0,0,6,0,4,6
828,1,1,2,3,4,7,0,0,4,0,3,5,6,0,2,0,16,14
829,6,5,0,0,0,0,0,0,0,0,0,0,0,0,7,0,4,6
830,1,1,2,2,3,6,0,0,4,0,4,4,6,0,2,0,9,8
831,0,0,0,0,0,0,0,0,0,0,0,0,0,0,9,0,21,8
832,9,9,0,0,0,0,0,0,0,0,0,0,0,0,9,0,21,0
833,1,1,3,1,4,4,0,0,7,0,7,5,5,0,0,0,9,13
834,7,9,1,2,1,1,0,0,2,0,1,1,6,0,9,0,3,4
835,8,6,3,6,3,6,0,0,4,0,7,4,3,0,0,0,9,5
836,4,3,4,2,2,2,0,0,5,0,5,4,6,0,1,0,62,12
837,1,1,0,0,0,0,0,0,0,0,0,0,0,0,9,0,0,2
838,7,7,2,2,2,3,0,0,2,0,8,2,6,0,2,0,43,12
839,1,1,2,3,5,8,0,0,3,0,3,6,7,0,4,0,7,10
840,2,1,2,4,4,7,0,0,2,0,2,7,8,0,2,0,47,5
841,4,4,2,3,4,7,0,0,4,0,7,6,6,0,4,0,47,5
842,9,9,6,8,4,5,2,4,3,0,8,3,1,3,9,0,16,4
843,7,7,3,4,2,4,0,0,4,0,7,5,8,0,5,0,25,19
844,1,1,2,4,4,6,0,0,4,0,2,7,7,0,7,5,47,1
845,3,3,6,2,5,7,1,4,7,0,8,7,6,3,8,5,47,6
846,3,3,2,4,3,7,0,0,3,0,4,8,8,0,5,5,50,1
847,3,2,3,6,3,5,0,0,3,0,1,6,5,0,5,5,62,1
848,2,2,3,3,2,3,0,0,5,0,2,4,6,0,5,5,58,1
849,5,5,3,5,3,6,0,0,4,0,5,5,3,0,5,5,50,8
850,5,5,3,5,3,4,0,0,5,0,2,7,8,0,4,5,58,1
851,1,1,7,1,7,4,1,5,9,0,7,5,5,3,3,5,58,0
852,4,5,3,4,3,6,0,0,4,0,5,6,8,0,6,5,5,14
853,5,5,2,4,3,5,0,0,3,0,6,6,8,0,6,5,46,8
854,6,6,6,5,4,4,1,4,6,0,6,5,4,3,4,5,23,1
855,6,6,2,7,3,5,0,0,3,0,3,5,4,0,7,5,46,1
856,2,1,2,2,2,2,0,0,4,0,3,3,6,0,4,5,5,8
857,6,6,3,5,3,5,0,0,4,0,5,6,8,0,4,5,43,8
858,4,4,3,5,4,6,0,0,5,0,3,6,8,0,3,5,58,8
859,4,4,3,6,4,5,0,0,6,0,2,6,5,0,3,5,58,1
860,3,3,8,4,4,7,1,5,7,0,5,7,2,0,3,5,58,1
861,4,3,3,6,4,4,0,0,5,0,1,5,8,0,5,5,24,8
862,3,3,3,4,3,6,0,0,3,0,3,7,8,0,4,5,23,14
863,1,1,3,3,5,7,0,0,5,0,4,8,6,0,3,5,58,8
864,2,1,2,3,2,5,0,0,2,0,3,5,6,0,3,5,58,8
865,4,5,6,4,6,6,3,4,8,0,5,6,8,3,6,5,24,1
866,1,1,1,2,2,4,0,0,2,0,4,5,6,0,2,5,62,8
867,4,3,2,5,2,4,0,0,3,0,2,5,8,0,2,5,62,8
868,1,1,2,2,2,4,0,0,4,0,2,5,6,0,2,5,62,8
869,5,5,4,8,3,4,0,0,4,0,1,6,4,0,3,5,13,14
870,7,6,7,8,5,7,3,4,5,3,1,7,2,0,2,5,43,14
871,3,4,3,2,5,8,0,0,5,0,8,8,6,0,1,5,43,7
872,7,6,3,6,4,5,0,0,5,0,6,7,5,0,1,5,23,7
873,9,9,8,8,4,3,5,5,7,4,5,5,2,2,2,5,23,14
874,2,2,2,3,3,6,0,0,3,0,4,7,6,0,2,5,13,14
875,5,5,3,4,4,6,0,0,4,0,6,7,8,0,3,5,5,14
876,1,2,2,1,4,6,0,0,4,0,8,7,5,0,2,5,13,14
877,1,0,2,2,5,7,0,0,4,0,4,8,6,0,1,5,13,14
878,1,1,2,2,3,6,0,0,4,0,2,6,6,0,2,5,13,14
879,0,0,2,1,3,5,0,0,4,0,3,5,5,0,1,5,13,14
880,4,3,2,5,4,6,0,0,4,0,4,7,5,0,0,5,45,7
881,3,3,2,3,5,8,0,0,3,0,7,8,6,0,4,5,43,7
882,5,4,5,5,3,5,1,2,5,0,5,5,3,0,1,5,13,14
883,3,4,3,4,5,7,0,0,6,0,5,5,8,0,1,5,13,14
884,6,6,3,8,4,7,0,0,4,0,2,7,4,0,0,5,7,14
885,1,0,2,2,5,8,0,0,3,0,6,8,6,0,0,5,62,8
886,0,0,3,1,7,8,0,0,7,0,5,8,5,0,1,5,62,8
887,7,7,3,5,3,3,0,0,5,0,6,5,4,0,0,5,24,7
888,2,3,2,2,4,7,0,0,4,0,5,7,6,0,0,5,7,7
889,1,1,3,3,5,8,0,0,5,0,5,6,6,0,0,5,62,14
890,4,4,3,4,3,4,0,0,6,0,2,6,8,0,0,5,58,14
891,4,3,2,6,5,8,0,0,4,0,3,8,8,0,1,5,62,14
892,7,7,2,7,2,4,0,0,3,0,2,5,4,0,2,5,43,14
893,1,2,3,2,5,6,0,0,6,0,6,7,6,0,0,5,58,14
894,1,1,3,1,5,6,0,0,7,0,7,7,5,0,0,5,58,14
895,0,0,6,1,7,7,1,4,9,0,5,8,5,3,0,5,58,7
896,3,3,3,6,4,7,0,0,4,0,2,7,8,0,3,5,43,7
897,1,1,6,3,7,8,2,4,7,0,3,6,7,3,0,5,58,7
898,0,0,2,1,3,4,0,0,4,0,3,5,5,0,1,5,62,14
899,1,1,4,2,5,6,0,0,7,0,5,7,6,0,0,5,58,14
900,1,1,3,2,6,7,0,0,6,0,4,5,6,0,2,5,9,14
901,2,1,8,3,6,7,1,5,8,0,4,7,7,3,2,5,16,14
902,6,6,3,4,4,4,0,0,6,0,6,6,8,0,0,5,23,13
903,3,2,4,4,3,5,1,2,6,0,2,6,4,0,1,5,29,14
904,1,1,2,4,4,7,0,0,4,0,2,8,7,0,3,5,9,7
905,1,1,2,1,3,6,0,0,4,0,6,7,5,0,2,5,9,8
906,9,9,8,7,4,3,4,5,8,4,7,5,4,2,1,5,23,12
907,4,4,3,3,4,4,0,0,6,0,5,5,7,0,0,5,58,14
908,5,4,2,5,4,7,0,0,4,0,5,8,8,0,0,5,43,7
909,1,1,2,3,3,6,0,0,3,0,2,6,7,0,2,5,26,14
910,6,6,2,5,3,4,0,0,3,0,6,7,4,0,0,5,23,11
911,5,5,3,3,3,4,0,0,6,0,7,6,7,0,0,5,58,14
912,7,7,6,5,3,2,3,4,8,0,6,4,8,3,0,5,23,5
913,3,3,2,4,4,6,0,0,4,0,3,6,8,0,0,5,23,3
914,3,2,2,3,4,7,0,0,4,0,6,7,7,0,2,5,26,12
915,6,8,3,8,4,7,0,0,4,0,2,7,5,0,0,5,5,5
916,4,4,2,5,5,8,0,0,4,0,5,8,8,0,1,5,23,12
917,7,7,6,6,5,5,2,4,6,0,7,8,5,2,0,5,9,12
918,5,4,2,3,3,5,0,0,3,0,7,7,4,0,1,5,29,14
919,5,5,2,6,4,6,0,0,4,0,4,6,4,0,0,5,23,5
920,6,5,7,4,4,6,1,5,5,0,7,7,8,3,2,5,29,5
921,4,4,2,3,4,7,0,0,4,0,7,7,7,0,2,5,13,14
922,5,5,2,6,4,7,0,0,3,0,5,6,5,0,3,5,13,5
923,7,7,8,8,3,5,4,5,7,4,3,4,2,2,1,5,45,7
924,4,3,2,4,5,8,0,0,4,0,7,8,7,0,3,5,15,13
925,6,6,6,4,5,4,1,4,5,0,7,4,8,3,2,5,45,5
926,6,6,8,5,3,2,2,5,7,4,2,2,5,3,4,5,8,12
927,5,5,6,3,8,8,3,4,9,0,8,7,6,3,8,5,0,0
928,8,8,6,7,3,5,1,4,4,0,6,2,2,3,3,5,9,21
929,5,5,8,6,4,4,2,5,6,1,2,4,5,3,4,5,58,21
930,5,5,2,5,3,5,0,0,4,0,4,5,5,0,4,5,43,23
931,2,1,5,2,6,8,1,3,6,0,7,8,6,3,7,1,43,7
932,1,1,2,2,4,7,0,0,3,0,4,8,6,0,7,1,61,0
933,0,0,0,0,0,0,0,0,0,0,0,0,0,0,6,1,41,11
934,7,7,3,6,3,5,0,0,4,0,6,3,3,0,5,1,5,7
935,9,9,7,7,2,2,2,5,4,0,7,2,2,1,5,1,39,5
936,9,9,6,4,1,2,1,4,5,0,7,2,3,0,6,1,37,4
937,4,4,6,2,5,2,2,4,9,1,6,3,6,3,4,1,23,14
938,0,0,3,3,7,8,0,0,5,0,4,8,6,0,1,1,13,14
939,0,0,4,2,6,7,0,0,6,0,3,8,6,0,2,1,13,14
940,1,1,3,1,6,7,0,0,7,0,7,7,5,0,1,1,24,7
941,1,1,2,3,5,7,0,0,4,0,2,8,6,0,2,1,13,14
942,7,7,2,1,1,1,0,0,4,0,4,1,5,0,5,1,3,4
943,1,1,2,2,2,3,0,0,4,0,2,1,6,0,2,1,23,14
944,9,8,7,6,5,4,3,5,7,3,8,4,2,3,2,1,37,11
945,7,6,2,1,2,4,0,0,4,0,8,3,5,0,5,1,3,4
946,1,0,2,1,5,8,0,0,4,0,8,8,5,0,0,1,58,1
947,7,7,1,1,1,1,0,0,2,0,4,1,5,0,2,1,38,11
948,9,8,6,3,2,2,1,4,6,0,8,2,4,3,7,1,10,4
949,6,6,0,0,0,0,0,0,0,0,0,0,0,0,1,1,5,14
950,5,5,0,0,0,0,0,0,0,0,0,0,0,0,1,1,5,14
951,8,9,2,1,1,1,0,0,4,0,2,1,5,0,6,1,40,4
952,6,5,0,0,0,0,0,0,0,0,0,0,0,0,0,1,4,14
953,6,6,3,5,4,6,0,0,5,0,8,5,8,0,1,1,7,7
954,9,9,6,6,2,2,1,4,3,0,8,3,2,3,4,1,40,12
955,6,6,2,3,2,4,0,0,2,0,8,3,6,0,3,1,15,10
956,6,5,2,4,3,6,0,0,4,0,7,6,8,0,2,1,5,12
957,3,2,0,0,0,0,0,0,0,0,0,0,0,0,3,1,5,4
958,5,4,2,4,3,4,0,0,4,0,6,4,4,0,2,1,43,12
959,5,5,0,0,0,0,0,0,0,0,0,0,0,0,1,1,50,10
960,6,5,1,1,1,1,0,0,2,0,1,1,5,0,1,1,7,5
961,5,4,0,0,0,0,0,0,0,0,0,0,0,0,4,1,8,14
962,2,1,1,3,1,2,0,0,2,0,1,3,6,0,3,1,26,3
963,9,9,6,7,3,3,2,4,3,0,6,3,3,1,7,1,49,2
964,1,1,6,1,7,5,1,4,9,0,7,5,5,3,4,1,61,23
965,1,1,2,2,2,4,0,0,4,0,2,5,6,0,5,1,58,22
966,0,0,0,0,0,0,0,0,0,0,0,0,0,0,7,3,41,2
967,2,3,0,0,0,0,0,0,0,0,0,0,0,0,5,3,23,5
968,3,3,0,0,0,0,0,0,3,0,0,0,0,0,7,3,46,8
969,2,4,0,0,0,0,0,0,2,0,0,0,0,0,7,3,46,8
970,3,3,0,0,0,0,0,0,0,0,0,0,0,0,8,3,56,0
971,1,0,0,0,0,0,0,0,0,0,0,0,0,0,4,3,5,14
972,3,8,0,0,0,0,0,0,9,0,0,0,0,0,7,3,43,7
973,2,1,0,0,0,0,0,0,7,0,0,0,0,0,5,3,5,14
974,1,5,0,0,0,0,0,0,0,0,0,0,0,0,4,3,58,1
975,1,5,0,0,0,0,0,0,0,0,0,0,0,0,4,3,58,1
976,0,0,0,0,0,0,0,0,0,0,0,0,0,0,2,3,58,1
977,0,3,0,0,0,0,0,0,0,0,0,0,0,0,3,3,58,8
978,0,1,0,0,0,0,0,0,0,0,0,0,0,0,4,3,23,14
979,0,1,0,0,0,0,0,0,0,0,0,0,0,0,3,3,58,8
980,9,9,0,0,0,0,0,0,2,0,0,0,0,0,9,3,37,6
981,0,4,0,0,0,0,0,0,0,0,0,0,0,0,2,3,43,7
982,0,4,0,0,0,0,0,0,4,0,0,0,0,0,1,3,58,7
983,5,7,0,0,0,0,0,0,2,0,0,0,0,0,3,3,5,12
984,5,6,0,0,0,0,0,0,9,0,0,0,0,0,5,3,5,5
985,1,3,0,0,0,0,0,0,0,0,0,0,0,0,3,3,43,13
986,0,4,0,0,0,0,0,0,0,0,0,0,0,0,0,3,45,7
987,3,4,0,0,0,0,0,0,0,0,0,0,0,0,5,3,2,2
988,2,5,0,0,0,0,0,0,4,0,0,0,0,0,3,3,43,5
989,0,0,0,0,0,0,0,0,0,0,0,0,0,0,0,3,62,14
990,2,2,0,0,0,0,0,0,0,0,0,0,0,0,3,3,37,11
991,1,2,0,0,0,0,0,0,0,0,0,0,0,0,2,3,42,11
992,5,8,0,0,0,0,0,0,0,0,0,0,0,0,1,3,43,12
993,0,0,0,0,0,0,0,0,0,0,0,0,0,0,1,3,58,9
994,0,0,0,0,0,0,0,0,0,0,0,0,0,0,1,3,58,9
995,0,0,0,0,0,0,0,0,0,0,0,0,0,0,1,3,58,9
996,0,0,0,0,0,0,0,0,0,0,0,0,0,0,1,3,58,9
997,0,0,0,0,0,0,0,0,0,0,0,0,0,0,1,3,58,9
998,0,0,0,0,0,0,0,0,0,0,0,0,0,0,1,3,58,9
999,0,0,0,0,0,0,0,0,0,0,0,0,0,0,1,3,58,9
1000,0,0,0,0,0,0,0,0,0,0,0,0,0,0,1,3,58,9
1001,0,0,0,0,0,0,0,0,0,0,0,0,0,0,1,3,58,10
1002,0,0,0,0,0,0,0,0,0,0,0,0,0,0,1,3,58,10
1003,0,0,0,0,0,0,0,0,0,0,0,0,0,0,1,3,58,10
1004,0,0,0,0,0,0,0,0,0,0,0,0,0,0,1,3,58,10
1005,0,0,0,0,0,0,0,0,0,0,0,0,0,0,1,3,58,10
1006,0,0,0,0,0,0,0,0,0,0,0,0,0,0,1,3,58,10
1007,1,3,0,0,0,0,0,0,0,0,0,0,0,0,0,3,26,11
1008,1,3,0,0,0,0,0,0,0,0,0,0,0,0,0,3,61,12
1009,1,4,0,0,0,0,0,0,4,0,0,0,0,0,0,3,43,5
1010,2,8,0,0,0,0,0,0,0,0,0,0,0,0,0,3,23,5
1011,2,7,0,0,0,0,0,0,4,0,0,0,0,0,3,3,9,5
1012,1,6,0,0,0,0,0,0,0,0,0,0,0,0,0,3,43,5
1013,1,3,0,0,0,0,0,0,0,0,0,0,0,0,1,3,5,11
1014,9,9,0,0,0,0,0,0,2,0,0,0,0,0,8,3,3,6
1015,0,5,0,0,0,0,0,0,0,0,0,0,0,0,1,3,5,11
1016,3,9,0,0,0,0,0,0,4,0,0,0,0,0,0,3,9,5
1017,0,0,0,0,0,0,0,0,0,0,0,0,0,0,0,3,4,6
1018,0,0,0,0,0,0,0,0,0,0,0,0,0,0,1,3,43,7
1019,0,2,0,0,0,0,0,0,0,0,0,0,0,0,1,3,45,7
1020,0,2,0,0,0,0,0,0,0,0,0,0,0,0,1,3,7,7
1021,1,0,0,0,0,0,0,0,0,0,0,0,0,0,6,3,42,9
1022,0,1,0,0,0,0,0,0,0,0,0,0,0,0,2,3,7,5
1023,1,1,0,0,0,0,0,0,2,0,0,0,0,0,7,3,42,8
1024,0,0,0,0,0,0,0,0,0,0,0,0,0,0,2,3,4,4
1025,0,0,0,0,0,0,0,0,0,0,0,0,0,0,2,3,4,4
1026,0,0,0,0,0,0,0,0,0,0,0,0,0,0,2,3,4,4
1027,0,0,0,0,0,0,0,0,0,0,0,0,0,0,2,3,4,4
1028,0,0,0,0,0,0,0,0,0,0,0,0,0,0,2,3,4,4
1029,0,0,0,0,0,0,0,0,0,0,0,0,0,0,2,3,4,4
1030,0,0,0,0,0,0,0,0,0,0,0,0,0,0,2,3,4,4
1031,0,0,0,0,0,0,0,0,0,0,0,0,0,0,2,3,4,4
1032,0,0,0,0,0,0,0,0,0,0,0,0,0,0,3,3,11,4
1033,0,0,0,0,0,0,0,0,0,0,0,0,0,0,3,3,11,4
1034,0,0,0,0,0,0,0,0,0,0,0,0,0,0,3,3,11,2
1035,0,0,0,0,0,0,0,0,0,0,0,0,0,0,3,3,11,2
1036,0,1,0,0,0,0,0,0,0,0,0,0,0,0,3,3,47,12
1037,0,0,0,0,0,0,0,0,1,0,0,0,0,0,7,3,49,8
1038,0,0,0,0,0,0,0,0,0,0,0,0,0,0,3,3,11,2
1039,0,0,0,0,0,0,0,0,0,0,0,0,0,0,3,3,11,0
1040,0,0,0,0,0,0,0,0,0,0,0,0,0,0,3,3,11,0
1041,0,0,0,0,0,0,0,0,0,0,0,0,0,0,3,3,11,0
1042,0,0,0,0,0,0,0,0,0,0,0,0,0,0,3,3,11,0
1043,1,2,0,0,0,0,0,0,0,0,0,0,0,0,4,3,11,5
1044,0,0,0,0,0,0,0,0,0,0,0,0,0,0,3,3,11,0
1045,0,0,0,0,0,0,0,0,0,0,0,0,0,0,3,3,11,0
1046,0,0,0,0,0,0,0,0,0,0,0,0,0,0,3,3,11,0
1047,0,0,0,0,0,0,0,0,0,0,0,0,0,0,3,3,11,0
1048,0,0,0,0,0,0,0,0,0,0,0,0,0,0,3,3,9,0
1049,0,0,0,0,0,0,0,0,0,0,0,0,0,0,3,3,9,0
1050,0,0,0,0,0,0,0,0,0,0,0,0,0,0,3,3,9,0
1051,0,0,0,0,0,0,0,0,0,0,0,0,0,0,3,3,9,0
1052,0,0,0,0,0,0,0,0,0,0,0,0,0,0,3,3,11,0
1053,0,0,0,0,0,0,0,0,8,0,0,0,0,0,7,3,49,0
1054,0,4,0,0,0,0,0,0,0,0,0,0,0,0,4,3,47,21
1055,0,0,0,0,0,0,0,0,0,0,0,0,0,0,4,3,47,23
1056,0,0,0,0,0,0,0,0,0,0,0,0,0,0,4,3,47,23
1057,2,8,0,0,0,0,0,0,4,0,0,0,0,0,5,3,8,21
1058,1,7,0,0,0,0,0,0,0,0,0,0,0,0,4,3,9,23
1059,0,3,0,0,0,0,0,0,0,0,0,0,0,0,4,3,43,22
1060,6,7,0,0,0,0,0,0,6,0,0,0,0,0,5,3,9,23
